{"cameraMode":{"drawMode":0,"name":"Shaded","section":"Shading Mode"},"sceneLighting":false,"audioPlay":false,"sceneViewState":{"m_AlwaysRefresh":false,"showFog":true,"showSkybox":false,"showFlares":true,"showImageEffects":true,"showParticleSystems":true,"showVisualEffectGraphs":true,"m_FxEnabled":true},"in2DMode":false,"pivot":{"x":1.4009121656417847,"y":-0.493865966796875,"z":-0.5450782775878906},"rotation":{"x":0.36835482716560366,"y":0.026490503922104837,"z":-0.010503103956580162,"w":0.9292542338371277},"size":4.525426864624023,"orthographic":false}